id,datum,start_datum,end_datum,zeit,titel,prenom,referent,postnom,art,ort,youtube,podcast,Zusammenfassung,kursnummer,institution_ort,zoom_link,meeting_id,homepage_link,parent_id,parent_titel,is_subevent,z_kommentare
116,2018-04-20,2018-04-20,2018-04-20,,Unterscheidung der Geister,Dr. ,Christoph Benke,,Vertiefungstag,,,,, ,,,,,,,0,
181,2020-10-23,2020-10-23,2020-10-23,,ES Jahrestagung,Prof. ,Marianne Schlosser,,Tagung,,,,, ,,,,,,,0,
185,2021-02-06,2021-02-06,2021-02-06,,„Im Dunkel wohl geborgen.“ Nachterfahrung bei Edith Stein (1891-1942),Prof. ,Hanna-Barbara Gerl-Falkovitz,,Vortrag,online,https://youtu.be/pmUpVPDa2RA,,, ,,,,,,,0,
186,2021-02-25,2021-02-25,2021-02-25,,Unterwegs zur Ewigkeit – Warum der Mensch strukturierte Zeit braucht,,Reinhold Esterbauer,,Vortrag,online,,,, ,,,,,,,0,
188,2021-03-20,2021-03-20,2021-03-20,,Beten mit Edith Stein,P. Dr. ,Roberto Maria Pirastu,OCD,Vortrag,online,https://youtu.be/swAORbbmQ0c,https://www.buzzsprout.com/870355/episodes/8962780.mp3,, ,,,,,,,0,
189,2021-04-10,2021-04-10,2021-04-10,,vom Unglauben über das Denken zum Glauben,Prof. ,Hanna-Barbara Gerl-Falkovitz,,Vortrag,online,,,, ,,,,,,,0,
190,2021-05-04,2021-05-04,2021-05-04,,Frau und Politik,Dr. ,Beate Beckmann-Zöller,,Vortrag,online,,,, ,,,,,,,0,
191,2021-07-20,2021-07-20,2021-07-20,,Verherrlicht Gott in Eurem Leib,Dr. ,Beate Beckmann-Zöller,,Vortrag,online,,,, ,,,,,,,0,
193,2021-08-07,2021-08-07,2021-08-07,,Edith Stein Fest: Leib ist mehr als Körper,Prof. ,Hanna-Barbara Gerl-Falkovitz,,Edith Stein Fest,,,,, ,,,,,,,0,
196,2021-09-21,2021-09-21,2021-09-21,,Edith Stein und Roman Ingarden,Dr. ,Beate Beckmann-Zöller,,Vortrag,online,,https://www.buzzsprout.com/870355/episodes/10272741.mp3,, ,,,,,,,0,
197,2021-10-09,2021-10-09,2021-10-09,,Sühne/Stellvertretung,Prof. ,Hanna-Barbara Gerl-Falkovitz,,Vortrag,online,,https://www.buzzsprout.com/870355/episodes/9684030.mp3,, ,,,,,,,0,
195,2021-11-20,2021-11-20,2021-11-20,,Edith Stein und das Phänomen der geistlichen Freundschaft,Dr. ,Beate Beckmann-Zöller,,Vortrag,online,,https://www.buzzsprout.com/870355/episodes/9859038.mp3,, ,,,,,,,0,
198,2021-10-29_2021-10-30,2021-10-29,2021-10-30,,Edith Stein Tagung,,,,Tagung,,,,, ,,,,,,,0,
194,2021-12-11,2021-12-11,2021-12-11,,Weihnachten im Blick Edith Steins: ein Geheimnis,Prof. ,Hanna-Barbara Gerl-Falkovitz,,Vortrag,online,,,, ,,,,,,,0,
200,2022-01-18,2022-01-18,2022-01-18,,Phänomen des inneren Friedens,Dr. ,Beate Beckmann-Zöller,,Vortrag,online,,https://www.buzzsprout.com/870355/episodes/10084982.mp3,, ,,,,,,,0,
201,2022-02-15,2022-02-15,2022-02-15,,Die wirkliche Welt in ihrer Fülle,Prof. ,Hanna-Barbara Gerl-Falkovitz,,Vortrag,online,,,, ,,,,,,,0,
203,2022-03-22,2022-03-22,2022-03-22,,Seele als Zugang zur eigenen Tiefe,Prof. ,Hanna-Barbara Gerl-Falkovitz,,Vortrag,online,,,, ,,https://us02web.zoom.us/j/83535518328,835 3551 8328,,,,0,
202,2022-04-05,2022-04-05,2022-04-05,,Öffnung der menschlichen Grenze zum Dreieinen,Prof. ,Hanna-Barbara Gerl-Falkovitz,,Vortrag,online,,,, ,,,,,,,0,
204,2022-05-17,2022-05-17,2022-05-17,,Religiöse Erlebnisse und Bekehrungen – Adolf Reinach und Edith Stein,Dr. ,Beate Beckmann-Zöller,,Vortrag,online,,,, ,,,,https://tinyurl.com/AReinachEStein,,,0,
206,2022-06-15,2022-06-15,2022-06-15,,Lebensformen in der Kirche - Edith Steins Antworten auf das Phänomen der Einsamkeit,Dr. ,Beate Beckmann-Zöller,,Vortrag,online,,,, ,,,,,,,0,
207,2022-08-13,2022-08-13,2022-08-13,,"Edith Stein Fest 2022 - Lesung aus dem Gedichtband ""Was aber blieb vom Menschensinn""",,Waltraud Holzer-Mitterhof,,Edith Stein Fest,,,,, ,,,,,,,0,
205,2022-08-28_2022-09-03,2022-08-28,2022-09-03,,Über die Freundschaft,,,,Sommerakademie,,,,, ,,,,,,,0,
208,2022-10-28_2022-10-29,2022-10-28,2022-10-29,,"""Ich will dich sehen, wie du bist""",,,,Tagung,,,,, ,,,,,,,0,
209,2022-11-13,2022-11-13,2022-11-13,,Taufe als Lebenserfüllung und Berufung zum Dienst,P. Dr. ,Lukasz Steinert,OCD,Vortrag,online,,,, ,,,,,,,0,
210,2022-12-13,2022-12-13,2022-12-13,,Der Sohn Gottes kam in die Welt…,P. Dr. ,Roberto Maria Pirastu,OCD,Vortrag,online,,,, ,,,,,,,0,
211,2022-12-20,2022-12-20,2022-12-20,,Il mistero di Natale secondo Edith Stein,P. Dr. ,Roberto Maria Pirastu,OCD,Vortrag,online,,,, ,,,,,,,0,
212,2023-01-14,2023-01-14,2023-01-14,,Berufen zum Leben in Seiner Gegenwart,Dr. ,Tonke Dennebaum,,Vortrag,online,,,"Edith Stein ist dem christlichen Glauben anfangs vor allem auf dem Feld der Philosophie begegnet. Sie erkannte hier einen Schlüssel zur Lehre von der Person und der Frage, was Geschichte ist. Dann jedoch machte sie die Erfahrung, dass Gott kein theoretisches Konstrukt ist und der Glaube sie ganz persönlich betraf. Eindrücklich schreibt sie in einem Brief an Roman Ingarden, was es für sie bedeutet, zum Glauben gefunden zu haben: „Das hat mich von dem Leben befreit, das mich niedergeworfen hatte, und hat mir zugleich die Kraft gegeben, das Leben aufs neue und dankbar wieder aufzunehmen.“ (ESGA 4, S. 106) Es lohnt sich, der Frage nach der Taufe und Firmung Edith Steins anhand ihrer biographischen und geistlichen Texte nachzugehen. Gute Zugänge ergeben sich auch aus den Texten von Kardinal John Henry Newman, der 1845 von der anglikanischen zur römisch-katholischen Kirche konvertiert ist, und dessen Schriften Edith Stein in Speyer, in den Jahren nach ihrer Taufe, übersetzt hat.",130 [VT] ,,,,,,,0,
213,2023-02-13,2023-02-13,2023-02-13,,Sinnvoller Umgang mit dem Leid? Edith Stein und Viktor Frankl,Mag.,Daniela Köder,,Vortrag,Karmelzentrum Wien,,,"Mit eigenem oder auch fremdem Leiden umzugehen - diese Aufgabe stellt sich jedem Menschen in existentieller Weise. Viktor Frankl und Edith Stein haben sich je auf ihre Weise in ihren Leben und Werken damit befasst, darauf eine Antwort zu geben. Wir werden in dem Vortrag einen Einblick in Viktor Frankls Logotherapie und der Möglichkeit des „aufrechten Leidens“ als sinnvoll gestaltetes Leben geben und bei Edith Stein sehen, wie ein freiwillig angenommenes Leiden aus Liebe um Christi und des Nächsten willen fruchtbar werden kann.",131 [VT] ,,,,,,,0,
214,2023-05-20,2023-05-20,2023-05-20,,Edith Stein als Kirchenlehrerin? Standortbestimmung und Prognose,P. Dr. ,Christof Betschart ,OCD,Vortrag,online,,,"Im Frühjahr 2022 hat der Karmeliterorden mit den aktiven und offiziellen Bemühungen zur Ernennung von Edith Stein zur Kirchenlehrerin begonnen. Was ist bisher geschehen? Was ist noch zu tun? Und vor allem: Inwiefern ist es überhaupt sinnvoll Edith Stein als Kirchenlehrerin vorzuschlagen? Die Fragen sollen dabei helfen besser zu verstehen, was wir von Edith Stein erwarten können und was nicht.",132 [VT] ,,,,,,,0,
215,2023-08-09,2023-08-09,2023-08-09,,Friedensgebet,,,,Edith Stein Fest,,,,, ,,,,,,,0,
216,2023-08-20_2023-08-26,2023-08-20,2023-08-26,,Über die Freiheit: Edith Stein Sommerakademie 2023,,,,Sommerakademie,,,,, ,,,,,,,0,
217,2023-09-29,2023-09-29,2023-09-29,,Philologisch-literarisch Charisma Edith Steins,Dr. ,Gudrun Trausmuth,,Vortrag,,,,, ,,,,,,,0,
218,2023-10-20_2023-10-21,2023-10-20,2023-10-21,,Freiheit oder Verantwortung: Edith Stein Tagung 2023,,,,Tagung,,,,, ,,,,,,,0,
219,2023-11-18,2023-11-18,2023-11-18,,Selbstbestimung - oder Freiheit,Prof. ,Hanna-Barbara Gerl-Falkovitz,,Vortrag,,,,, ,,,,,,,0,
220,2024-02-03,2024-02-03,2024-02-03,,Edith Steins Bildungstheorie,Dr. ,Beate Beckmann-Zöller,,Vortrag,,,,, ,,,,,,,0,
221,2024-06-18,2024-06-18,2024-06-18,,Gott im Dunkel der Nacht begegnen,Mag. Dr. ,Justin Arickal,", MBA",Vortrag,,,,, ,,,,,,,0,
222,2024-07-27,2024-07-27,2024-07-27,,Die Demut bei Teresa von Avila,P. ,Peter M. Pendl,OCD,Vortrag,,,,, ,,,,,,,0,
223,2024-08-09,2024-08-09,2024-08-09,,Edith Stein und Europa,P. Dr. ,Roberto Maria Pirastu,OCD,Edith Stein Fest,Karmelitenkirche Wien,https://www.youtube.com/watch?v=yBT5gpYcsIQ,,, ,,,,https://friedensgebet.karmel.at/,,,0,
224,2024-08-25_2024-08-31,2024-08-25,2024-08-31,,Mensch sein - Person werden: Edith Stein Sommerakademie 2024,,,,Sommerakademie,,,,, ,,,,,,,0,
225,2024-10-19,2024-10-19,2024-10-19,,Mensch sein - Person werden: Edith Stein Tagung 2024,,,,Tagung,,,,, ,,,,,,,0,
226,2024-11-19,2024-11-19,2024-11-19,,Sühne: eine vergesse Möglichkeit,Prof. ,Hanna-Barbara Gerl-Falkovitz,,Vortrag,,,,, ,,,,,,,0,
227,2025-03-22,2025-03-22,2025-03-22,,Mensch als Outsider? Künstlerische Manifestationen des eigenen Ich,HS-Prof. Dr. ,Małgorzata Bogaczyk-Vormayr,,Vortrag,,,,, ,,,,,,,0,
228,2025-04-12,2025-04-12,2025-04-12,,Feindesliebe in der Bergspredigt,"[""Dr. "", ""Mmag. "", ""P. ""]","[""Helga Ehrmann-Falkenau"", ""Renate Tolunay"", ""Josef Nagiller""]","["""", """", ""OCD""]",Vertiefungstag,,,,, ,,,,,,,0,
229,2025-05-13,2025-05-13,2025-05-13,,"Edith Stein: eine kleine Wanderung durch ihr Meisterwerk""Endliches und Ewiges Sein""",Prof. ,Hanna-Barbara Gerl-Falkovitz,,Vortrag,,,,, ,,,,,,,0,
230,2025-05-17,2025-05-17,2025-05-17,,Feindesliebe in der Bergspredigt- 2. Teil,"[""Dr. "", ""Mmag. "", ""P. ""]","[""Helga Ehrmann-Falkenau"", ""Renate Tolunay"", ""Josef Nagiller""]","["""", """", ""OCD""]",Vertiefungstag,,,,, ,,,,,,,0,
231,2025-06-20,2025-06-20,2025-06-20,,Einführung in die PhänomenologieHusserls und Edith Steins,Prof. ,Hanna-Barbara Gerl-Falkovitz,,Vortrag,,,,, ,,,,,,,0,
232,2025-07-19,2025-07-19,2025-07-19,,Edith Stein und die Phänomenologie des menschlichen Seins: Beiträge zu Psychologie und Psychotherapie,Prof. ,Akira Goto,,Vortrag,Karmelzentrum Wien,https://www.youtube.com/watch?v=0zhC1Ptph1c,https://www.buzzsprout.com/870355/episodes/17950312-edith-stein-und-die-phanomenologie-des-menschlichen-seins-vortrag-von-akira-goto.mp3,"Prof. Goto gründet seinen Zugang zur (klinischen) Psychologie und Psychotherapie auf die Lehre Edith Steins. Im Vortrag und in der anschliessenden Diskussion befragen wir Edith Steins Lehre zu den klinischen Anwendungen.
Zitate von Prof. Goto:
„Edith Steins Beitrag zur Psychologie zeigt uns, dass die Seele zu erforschen keine Aufgabe von Handbüchern ist, sondern ein Akt der Präsenz angesichts des gelebten Lebens, in dem sich dessen Sinn offenbart.“
„Edith Stein hat der Psychologie einen Weg hinterlassen, der Reduktionismen ablehnt: Um das psychische Leben zu verstehen, muss man den Menschen als untrennbare Einheit von Körper, Psyche und Geist anerkennen.“
„Wenn die Psychologie auf Edith Steins Phänomenologie trifft, hört sie auf, nur eine technische Wissenschaft zu sein – sie wird zu einer rigorosen Übung im Verstehen des Menschlichen in seiner Innerlichkeit und Einzigartigkeit.“
 Über die Person: 
 Außerordentliche Professur II im Grundstudium der Psychologie, ständiger Forscher in den Studiengängen Psychologie und Philosophie an der Bundesuniversität von Uberlândia (UFU). Er hat einen Doktortitel in Psychologie als Beruf und Wissenschaft von der PUC-Campinas (2007), einen Master-Abschluss in Religionswissenschaften von der Methodistischen Universität von São Paulo (2002) und einen Bachelor-Abschluss in Psychologie von der Universität São Marcos (1998). Er ist Mitglied der Arbeitsgruppe Phänomenologie der National Association of Graduate Studies in Philosophy (ANPOF), Mitglied und Koordinator für Brasilien des Lateinamerikanischen Kreises für Phänomenologie (CLAFEN) und stellvertretendes Mitglied der Iberoamerikanischen Gesellschaft für Heideggerianische Studien (SIEH). Seine berufliche und akademische Erfahrung umfasst Psychologie und Philosophie, Erkenntnistheorie, Phänomenologie und Kognitionswissenschaften, phänomenologische Psychologie und Anthropologie, die phänomenologische Psychologie von Edmund Husserl und Edith Stein sowie Phänomenologie und Psychotherapie. Seine Forschungsinteressen umfassen außerdem Philosophie, philosophische Anthropologie, religiöse Erfahrung, Phänomenologie der Religion, Phänomenologie und Gesundheit, Psychotherapie und phänomenologische Psychologie. Unter seinen zahlreichen Veröffentlichungen ragt sein Buch „Einführung in die phänomenologische Psychologie - Die neue Psychologie von Edmund Husserl“ (Paulus Verlag) heraus.", ,,,,,,,0,
233,2025-08-09,2025-08-09,2025-08-09,,Von der Nächstenliebe im philosophischen Denken Edith Steins,Dr. ,Helga Ehrmann-Falkenau,,Edith Stein Fest,Karmelitenkirche Wien,https://www.youtube.com/watch?v=7WOYSn8ouZk,https://www.buzzsprout.com/870355/episodes/17952593-von-der-nachstenliebe-im-philosophischen-denken-edith-steins-helga-ehrmann-falkenau.mp3,, ,,https://www.youtube.com/watch?v=xLpMxIgeRkk,,https://friedensgebet.karmel.at/,,,0,
234,2025-08-24_2025-08-30,2025-08-24,2025-08-30,,Umbruch Wandel Mut: Edith Stein Sommerakademie 2025,"[""Dr. "", ""P. Prof. "", ""Prof. "", ""Dr. "", ""Prof. Dr. "", ""P. Dr.""]","[""Helga Ehrmann-Falkenau"", ""Christof Betschart"", ""Tonke Dennebaum"", ""Daniela Köder"", ""Edda Pulst"", ""Lukasz Steinert""]","["""", "" OCD"", """", """", """", ""OCD""]",Sommerakademie,"Teresianum, Rom, Italien",,,, ,,,,https://es-sommerakademie.karmel.at/sommerakademie-2025/,,,0,abgesagt
234_1,2025-11-23,2025-11-23,2025-11-23,,Krieg Flucht Trauma,Dr. ,Helga Ehrmann-Falkenau,,Seminar,"Teresianum, Rom, Italien",,,"In der Psychotherapie mit einem traumatisierten Menschen, der Krieg und Flucht überlebt hat, zeigt sich uns auf mehreren Ebenen sein zerbrochenes Leben, seine fragmentierte Psyche, oft seine überwältigenden, unfassbaren Verluste. Es zeigt sich aber auch die Lebenskraft, die der Personen innewohnt und aufgrund derer sie Krieg und Flucht überleben konnte. Es werden innere und äußere Kraftquellen zugänglich, die psychotherapeutisch genutzt werden können, sodass eine ausreichende Verarbeitung ihrer negativen zwischenmenschlichen Extremerlebnisse und der Aufbau neuer Lebensperspektiven möglich werden können. Neue gute und sichere Beziehungen und unterstützende Bedingungen im Asylland -die Psychotherapie ist davon nur ein Beispiel- können Menschen helfen, Mut zu schöpfen und die Fähigkeiten zu entwickeln, auch unter den sehr schwierigen Bedingungen einer neuen Sprache und einer zunächst fremden Kultur sich wieder ein Leben aufzubauen. An diesem Tag werden wir von Lebensgeschichten hören, von Geschichten gelungener und misslungener Bewältigung. Wir werden uns mit Themen der Traumatherapie auseinandersetzen, auch manche ihrer Methoden ansatzweise ausprobieren. Wir werden die Rolle zwischenmenschlicher Güte und die Kraft einer stärkenden und schützenden Religiosität fürs Überleben und Weiterleben reflektieren. Immer wieder wird dabei auf das Leben und auf das Werk Edith Steins Bezug genommen werden. ", ,,,,,232,Umbruch Wandel Mut: Edith Stein Sommerakademie 2025,0,abgesagt
234_2,2025-11-24,2025-11-24,2025-11-24,,Innere Stärke und Friede in Zeiten der Instabilität,P. Prof. ,Christof Betschart, OCD,Seminar,"Teresianum, Rom, Italien",,,"Im Kontext zweier Weltkriege ist Edith Steins Leben vom Spannungsfeld ihrer jüdisch-deutschen Identität, von akademischen Herausforderungen und inneren Krisen gezeichnet. Wir untersuchen, auf welche Weise ihre Christusbeziehung angesichts der multiplen Schwierigkeiten zu ihrem Halt und ihrer Friedensquelle wurde. Gleichzeitig geht es darum, mit Stein die Frage nach Innerlichkeit und Lebenskraft zu stellen und zu vertiefen, welche spirituellen Konsequenzen daraus erwachsen.", ,"Fakultät Teresianum, Rom",,,,232,Umbruch Wandel Mut: Edith Stein Sommerakademie 2025,1,abgesagt
234_3,2025-11-25,2025-11-25,2025-11-25,,Privat und fromm – oder öffentlich und engagiert? Glaube und Kirche in der säkularen Welt von heute,Prof. ,Tonke Dennebaum,,Seminar,"Teresianum, Rom, Italien",,,"Umbruch und Wandel betreffen Staat und Kirche gleichermaßen. Unter diesen Bedingungen ist zu fragen: Welche Bedeutung haben Glaube und Kirche im pluralen und säkularen Staat von heute? Kann der Glaube Positives eintragen, den Wandel mitgestalten? Hier sind zunächst Grundlagen zu klären: Was bedeutet Säkularisierung und was sind ihre Gründe? Ist der Mensch von heute wirklich säkular oder bindet er seine Verehrung einfach nur an Anderes? Und schließlich: Bleibt Religion auch zukünftig kraftvoll? Die Diskussion dazu ist in Philosophie, Theologie und Soziologie in vollem Gange. Texte von Charles Taylor, William Cavanaugh oder Hartmut Rosa helfen, einen Zugang zu finden. Und auch Edith Stein trägt hier viel bei – in ihren Texten zum Staat, zu Freiheit und Spiritualität, aber auch biographisch. Tonke Dennebaum, Dr. theol. habil., ist Leiter des Kommissariats der Katholischen Bischöfe im Lande Hessen und apl. Professor für Fundamentaltheologie und Religionswissenschaft an der Johannes Gutenberg-Universität Mainz. ", ,Mainz,,,,232,Umbruch Wandel Mut: Edith Stein Sommerakademie 2025,1,abgesagt
234_4,2025-11-26,2025-11-26,2025-11-26,,Proexistenz als Schlüsselthema für das Verständnis Edith Steins: Im Spannungsfeld zwischen Selbst-Sein und Sein-für-Andere,Dr. ,Daniela Köder,,Seminar,"Teresianum, Rom, Italien",,,"Das Thema der Akademie Umbruch – Wandel – Mut hat viel mit dem Verständnis des Menschen zu tun, der sich in der Welt, in Beziehung zu Anderen und Anderem befindet. Wir wollen an diesem Tag anhand einiger biographischer Stationen anthropologische und theologische Einsichten Edith Steins nachgehen, die auch für unser gelingendes Leben wertvoll sein können. Es soll erarbeitet werden, inwieweit das Sein-für-Andere, die Proexistenz, zu einem erfüllten Selbstsein notwendig ist und in allem Wandel Beständigkeit zu geben vermag.", ,Ditzingen,,,,232,Umbruch Wandel Mut: Edith Stein Sommerakademie 2025,1,abgesagt
234_5,2025-11-27_2025-11-23,2025-11-27,2025-11-23,,Energie für den Wandel: Theologie trifft Technologie,"[""Prof. Dr. "", ""P. Dr. ""]","[""Edda Pulst"", ""Lukasz Steinert""]","["""", "" OCD""]",Seminar,"Teresianum, Rom, Italien",,,"Wir stecken mittendrin – in den Umbrüchen; Ersatz fossiler Brennstoffe und Einsatz Künstlicher Intelligenz gehören dazu – und mit ihnen ein unvorstellbarer Energiehunger. Einige KI-Anwendungen verbrauchen Strom in der Größenordnung ganzer Länder. Wären in Deutschland alle PKW E-Autos, bräuchten sie ein Sechstel des deutschen Stroms. Auch wir Menschen benötigen Energie für Umbrüche –persönliche Energie, um Wandel kreativ zu gestalten. Genau hier begegnen sich Theologie und Technologie: Entwickeln gemeinsam Neuen Mut. Erhöhen Wirkungsgrade. Speichern Energie für Dunkelflauten. Setzen Prioritäten. Anstrengend, aber unverzichtbar. Ohne Anstrengung geht es nun einmal nicht. Edith Stein ist sich dessen bewusst. Menschen müssen sich anstrengen, um ihr Leben gut führen und Verantwortung für andere und die Welt übernehmen zu können. Sie selbst legt große Selbstdisziplin, Stärke und viel Mut an den Tag. Zugleich warnt sie davor, sich einseitig auf die eigenen Willensanstrengungen zu konzentrieren, „ohne sich den Anschluss an die geistigen Kraftquellen zu sichern, in denen die Person wahrhaft leben und aus denen sie sich erneuern kann“. Sie stellt nüchtern fest, wozu solche Anstrengungen im Endeffekt führen: „Leib und Seele werden davon aufgezehrt“. Edith Stein weiß um die Schwäche der eigenen Kraft, und setzt auf die Wirklichkeit des Unverdienten, aber frei Geschenkten, das in der theologischen Sprache als Gnade bezeichnet wird. „Das Eigentümliche des seelischen Lebens ist, dass es der Seele zuströmen muss“. Ausgehend von Zitaten von Edith Stein und der theologischen Debatte werden wir in der Konfrontation mit dem technisch Möglichen Energiequellen freilegen – nicht nur für die aktuellen Umbrüche. ", ,,,,,232,Umbruch Wandel Mut: Edith Stein Sommerakademie 2025,1,abgesagt
235,2025-10-23_2025-10-24,2025-10-23,2025-10-24,,Umbruch Wandel Mut: Edith Stein Tagung 2025,"[""Prof. "", ""P. Dr. "", ""S. Em. Dr. "", ""P. Dr. "", """", ""Dr.""]","[""Hanna-Barbara Gerl-Falkovitz"", ""Roberto Maria Pirastu"", ""Christoph Schönborn"", ""Lukasz Steinert"", ""Valquiria Gonçalves de Oliveira"", ""Daniela Köder""]","["""", "" OCD"", "" OP"", "" OCD"", """"]",Tagung,Erzbischöfliches Palais,,,, ,,,,https://tagung.karmel.at/?page_id=492,,,0,
235_1,2025-10-23,2025-10-23,2025-10-23,19.30 Uhr,In Zeiten politischen Wandels: Worauf gründet Gemeinschaft?,Prof. ,Hanna-Barbara Gerl-Falkovitz,,Vortrag,Erzbischöfliches Palais,https://www.youtube.com/watch?v=l-aw8D8woPQ,https://www.buzzsprout.com/870355/episodes/18100886-in-zeiten-politischen-wandels-worauf-grundet-gemeinschaft-hanna-barbara-gerl-falkovitz.mp3,"Nachdenken mit Edith Stein „Entscheidend bleibt für Edith Stein, gerade im Blick auf die nach dem Ersten Weltkrieg entstehende Vergötzung von Gemeinschaft, Rasse, Volk, daß jede Gemeinschaft deutlich auf dem Einzelnen, der Person und ihrer Verantwortlichkeit, aufgebaut wird. Diese Wurzel ihrer Überlegungen entspricht einer zutiefst demokratischen Theorie, die freilich den urteilsfähigen Einzelnen voraussetzt und ohne ihn nur eine von verdeckten Absichten gelenkte Demokratie wird. Zudem entwickelt Edith Stein eine Theorie über den Zusammenhang von Recht und Staat", ,Heiligenkreuz,,,https://tagung.karmel.at,233,Umbruch Wandel Mut: Edith Stein Tagung 2025,1,
235_2,2025-10-24,2025-10-24,2025-10-24,9.30 Uhr, Edith Stein inmitten der Krisen: Krisen und Umbrüchen im eigenen Leben,P. Dr. ,Roberto Maria Pirastu,OCD,Vortrag,Erzbischöfliches Palais,https://youtu.be/3WuBPx0XQsQ?si=tbn0w9pnoXZHIokf,https://www.buzzsprout.com/870355/episodes/18259666-edith-stein-inmitten-der-krisen-krisen-und-umbruchen-im-eigenen-leben-roberto-maria-pirastu.mp3,"Das Leben von Edith Stein ist durch Wandel und Veränderung, Krisen und Wiederbeginn gekennzeichnet: in ihrem persönlichen Leben, in der Familie und im Freundeskreis, in ihrer geistigen Biografie, geprägt durch Philosophie und Religion, in ihrem intellektuellen und beruflichen Leben, u.a. angesichts des Zuwachses am falsch gedeuteten und letztendlich verbrecherisch angewandten technischen Fortschritt. Die Welt um sie herum war durch vielfältigen gesellschaftlichen und politischen Wandel, durch schlimmste Gewalt geprägt, aber auch durch Hoffnung und große Weltneugier, wunderbare Kunst und beeindruckende wissenschaftliche Visionen. Woher kommen die Lebenskräfte einer Person, die Widerstandskraft eines Individuums? Wie kann man in der Veränderung anstatt Chaos und Abgrund einen neuen Weg, neue Chancen erkennen? Wie verwandelt unsere Kreativität die uns gegebene Welt? Mein Vortrag soll ein Beitrag zur philosophischen Resilienzforschung sein. (der ursprünglich geplante Vortrag von Dr. Małgorzata Bogaczyk-Vormayr musste leider krankheitsbedingt entfallen)",,Rom,,,https://tagung.karmel.at,233,Umbruch Wandel Mut: Edith Stein Tagung 2025,1,
235_3,2025-10-24,2025-10-24,2025-10-24,11.00 Uhr,Dank an S. Em. Dr. Christoph Kardinal Schönborn OP für seine Schirmherrschaft seit der Gründung der ESGÖ,S. Em. Dr. ,Christoph Schönborn,OP,Vortrag,Erzbischöfliches Palais,,,,,Rom,,,https://tagung.karmel.at,233,Umbruch Wandel Mut: Edith Stein Tagung 2025,1,
235_4,2025-10-24,2025-10-24,2025-10-24,14.30 Uhr,Geschichten des Ankommens: Kontinuität und Bruch bei John Henry Newman und Edith Stein,P. Dr. ,Lukasz Steinert,OCD,Vortrag,Erzbischöfliches Palais,https://youtu.be/knkaI9GK9jQ?si=BcMYcJMANPwqsysT,https://www.buzzsprout.com/870355/episodes/18262950-geschichten-des-ankommens-kontinuitat-und-bruch-bei-john-henry-newman-und-edith-stein-lukas-steinert.mp3,"In den Jahren nach ihrer Konversion beschäftigte sich Edith Stein eingehend mit den Schriften des englischen Konvertiten John Henry Newman. Sie äußert ihre Bewunderung für seinen Lebensweg mit den Worten: „Sein ganzes Leben ist nur ein Suchen nach der religiösen Wahrheit gewesen und hat ihn mit unausweichlicher Notwendigkeit zur katholischen Kirche geführt.“ Sowohl die jüdische Philosophin als auch der anglikanische Theologe verstanden ihre Konversionen als Erfüllung eines tiefen inneren Suchens – auch wenn dieser Schritt zugleich einen schmerzlichen Bruch mit dem bisherigen Leben bedeutete. Doch gerade diese biografischen Brüche lassen eine überraschende Kontinuität erkennen: eine beharrliche Sehnsucht, die im Verborgenen wirkte und sich schließlich auf unerwartete Weise offenbarte. Der Vortrag geht den biografischen und geistigen Entwicklungen beider Persönlichkeiten nach und zeigt, wie sich Bruch und Kontinuität in ihren Lebensgeschichten, Denkbewegungen und Glaubensentscheidungen durchdringen. In Anlehnung an Newmans Wort „Ich habe nicht gegen das Licht gesündigt“ wird deutlich, dass Treue zur Wahrheit auch Mut zum Aufbruch und zur Wandlung bedeuten kann.",,Rom,,,https://tagung.karmel.at,233,Umbruch Wandel Mut: Edith Stein Tagung 2025,1,
235_5,2025-10-24,2025-10-24,2025-10-24,9.30 Uhr,«Über die Wunden des Krieges hinausgehen»,,Valquiria Gonçalves de Oliveira,,Vortrag,Erzbischöfliches Palais,https://youtu.be/0EABSQx0rzY?si=TKf9vTw6OGPGKpL8,https://www.buzzsprout.com/870355/episodes/18319611-uber-die-wunden-des-krieges-hinausgehen-valquiria-goncalves-de-oliveira.mp3,"Die ADI/TIP-Methode (Therapie der Integration der Person) ist ein therapeutischer Weg, der den ganzen Menschen in seinen zwei Dimensionen – der psychophysischen und der spirituellen – betrachtet. Sie fördert die Heilung individueller und kollektiver Traumata, indem sie das „gesunde Selbst“ wiederherstellt, das in jedem Menschen gegenwärtig ist. Die Methode wirkt direkt auf das Unbewusste und integriert Körper, Geist, Seele und Psyche. Diese Methode basiert auf der Anthropologie und dem Denken der Philosophin Edith Stein. Sie erkannte, dass die „große Krankheit unserer Zeit“ die innere Zerrissenheit des Menschen ist. Die Heilung, so Stein, liegt im Zugang zum vollen Menschsein und in der Bildung verwirklichter Menschen, die fähig sind, ihre innere Einheit wiederherzustellen – und dadurch zum Frieden und zur Erneuerung der Gesellschaft beizutragen. Diese Reflexion ist heute aktueller denn je – besonders angesichts von Konflikten wie dem Krieg in der Ukraine, wo ich sechs Mal gewesen bin. Dort zeigen sich nicht nur äußere Zerstörung, sondern auch ein innerer Zusammenbruch, verursacht durch Angst, Ideologien und Werteverlust. Durch die Arbeit mit der ADI/TIP-Methode konnte ich dort drei Dinge beobachten:  1.⁠ ⁠Die äußere Zerstörung kann das innere Trauma verstärken, das aufgearbeitet werden muss;  2.⁠ ⁠In uns existiert ein gesundes Selbst, das in diesem Prozess der Aufarbeitung aktiviert werden kann;  3.⁠ ⁠Auf dieser Grundlage ist auch ein äußerer Wiederaufbau möglich – im Rahmen des Möglichen. Selbst unter den unmenschlichsten Bedingungen kann der Mensch einen Funken von Sinn, innerer Freiheit und Hoffnung in sich bewahren. Nicht weil das Leiden gerecht wäre, sondern weil wir inmitten des Leidens entdecken können, wer wir wirklich sind.",,Belo Horizonte,,,https://tagung.karmel.at,233,Umbruch Wandel Mut: Edith Stein Tagung 2025,1,
235_6,2025-10-24,2025-10-24,2025-10-24,9.30 Uhr,Proexistenz als Schlüsselthema für das Verständnis Edith Steins Im Spannungsfeld zwischen Selbst-Sein und Sein-für-Andere,Dr. ,Daniela Köder,,Vortrag,Erzbischöfliches Palais,,,,,Ditzingen,,,https://tagung.karmel.at,233,Umbruch Wandel Mut: Edith Stein Tagung 2025,1,
236,2025-11-28,2025-11-28,2025-11-28,,Krieg Flucht Trauma,Dr. ,Helga Ehrmann-Falkenau,,Vortrag,Karmelzentrum Wien,https://www.youtube.com/watch?v=wfLDWhOG1IA,https://www.buzzsprout.com/870355/episodes/18301246-krieg-flucht-trauma-und-vom-mut-zum-weiterleben-helga-ehrmann-falkenau.mp3,"Das Erleben von Krieg und Flucht traumatisiert. Das Wesen des Traumas ist die Fragmentierung, Spaltung der Psyche. Schwerwiegende Beeinträchtigungen auf den Ebenen von Leib, Seele und Geist sind die Folgen. Woraus und wodurch kann sich die Person dennoch sammeln und wieder in Integrationprozesse eintreten? Der Vortrag befasst sich mit seelischen Verletzungen und Quellen der Heilung, auch im Sinn von Edith Steins Anthropologie.", ,,,,,,,0,
237,2025-12-09,2025-12-09,2025-12-09,,Hoffnung für alle,P. Dr. ,Christof Betschart,OCD,Online Vortrag,über Zoom,https://www.youtube.com/watch?v=RcKkazxBjOo,https://www.buzzsprout.com/870355/episodes/18795590-hoffnung-fur-alle-in-edith-steins-eschatologie-christof-betschart.mp3,"Zum Abschluss des Jubiläumsjahrs, mitten im Advent, laden wir Sie ein, mit Edith Stein der Frage nach universaler Hoffnung und Heil nachzugehen. Im Zentrum steht ihr erster christlich geprägter Essay Freiheit und Gnade sowie sein Einfluss auf die katholische Eschatologie, insbesondere bei Hans Urs von Balthasar. Ein Treffen über Glauben, Verantwortung und die grenzübersteigende Kraft der Hoffnung.", ,"Fakultät Teresianum, Rom",,,,,,0,
238,2026-01-30,2026-01-30,2026-01-30,,Privat und Fromm oder Öffentlich und Engagiert,Dr. ,Tonke Dennebaum,,Vortrag,Karmelzentrum Wien,https://www.youtube.com/watch?v=zx3-V-MHGxQ,https://www.buzzsprout.com/870355/episodes/19088917-privat-und-fromm-oder-offentlich-und-engagiert-glaube-und-kirche-in-der-sakularen-welt-von-heute.mp3,"Umbruch und Wandel betreffen Staat und Kirche gleichermaßen. Unter diesen Bedingungen ist zu fragen: Welche Bedeutung haben Glaube und Kirche im pluralen und säkularen Staat von heute? Kann der Glaube Positives eintragen, den Wandel mitgestalten? Hier sind zunächst Grundlagen zu klären: Was bedeutet Säkularisierung und was sind ihre Gründe? Ist der Mensch von heute wirklich säkular oder bindet er seine Verehrung einfach nur an Anderes? Und schließlich: Bleibt Religion auch zukünftig kraftvoll? Die Diskussion dazu ist in Philosophie, Theologie und Soziologie in vollem Gange. Am Samstag, den 31. Januar, wird uns die Arbeit über Texte von Charles Taylor, William Cavanaugh oder Hartmut Rosa helfen, einen Zugang zu finden. Und auch Edith Stein trägt hier viel bei – in ihren Texten zum Staat, zu Freiheit und Spiritualität, aber auch biographisch.", ,,,,https://www.edith-stein-gesellschaft.at/content/view/full/10954?id=19716&caleventId=43148#event/19716/43148,,,0,
239,2026-01-31,2026-01-31,2026-01-31,,Privat und Fromm oder Öffentlich und Engagiert,Dr. ,Tonke Dennebaum,,Vertiefungstag,Karmelzentrum Wien,,,"Umbruch und Wandel betreffen Staat und Kirche gleichermaßen. Unter diesen Bedingungen ist zu fragen: Welche Bedeutung haben Glaube und Kirche im pluralen und säkularen Staat von heute? Kann der Glaube Positives eintragen, den Wandel mitgestalten? Hier sind zunächst Grundlagen zu klären: Was bedeutet Säkularisierung und was sind ihre Gründe? Ist der Mensch von heute wirklich säkular oder bindet er seine Verehrung einfach nur an Anderes? Und schließlich: Bleibt Religion auch zukünftig kraftvoll? Die Diskussion dazu ist in Philosophie, Theologie und Soziologie in vollem Gange. Am Samstag, den 31. Januar, wird uns die Arbeit über Texte von Charles Taylor, William Cavanaugh oder Hartmut Rosa helfen, einen Zugang zu finden. Und auch Edith Stein trägt hier viel bei – in ihren Texten zum Staat, zu Freiheit und Spiritualität, aber auch biographisch.", ,,,,https://www.edith-stein-gesellschaft.at/content/view/full/10954?id=19716&caleventId=43148#event/19716/43148,,,0,
240,2026-02-24,2026-02-24,2026-02-24,,Wege des Friedens: Breslau - der Anfang,"[""P. Dr. "", ""Sr. ""]","[""Lukasz Steinert"", ""Nicoletta Braus""]","[""OCD"", ""ST""]",Online Vortrag,über Zoom,https://www.youtube.com/watch?v=D8qInc6AmYc,https://www.buzzsprout.com/870355/episodes/18822519-breslau-der-anfang-wege-des-friedens-auf-den-spuren-edith-steins.mp3,"Der erste Vortrag (24.2.2026) führt an den Geburtsort Edith Steins. Die schlesische Stadt Breslau - heute Wroclaw - wurde vom britischen Historiker Norman Davies als ""Mikrokosmos"" bezeichnet, da sich in ihr die wichtigsten Strömungen der mitteleuropäischen Geschichte begegneten - sei es im fruchtbaren Austausch oder in feindlicher Rivalität. Ausgehend von der Welt, in der Edith Stein aufwuchs und geprägt wurde, wird aufgezeigt, wie sie als Philosophin und gesellschaftlich engagierte Frau mit den Spannungen ihrer Zeit umging, um auf dem Fundament der Wahrheit Frieden zu stiften.", ,,,,https://www.edith-stein-gesellschaft.at/content/view/full/10954?id=19749&caleventId=43353#event/19749/43353,,,0,
241,2026-03-06_2026-03-08,2026-03-06,2026-03-08,,Bildung und Entfaltung der Individualität - Edith Steins Pädagogik,"[""Dr. "", ""Dr. "", ""Dr. ""]","[""Beate Beckmann-Zöller"", ""Cordula Haderlein"", ""Markus Holti""]",,Vertiefungstag,Karmelzentrum Wien,,,"Was davon können wir heute in die Bildungsinstitutionen der Gegenwart einbringen? Die pädagogischen Edith-Stein-Vertiefungstage in Wien bieten Gelegenheit, aus dem Bildungsverständnis bei Edith Stein Bezüge zum heutigen Kompetenzverständnis herauszuarbeiten. Anhand von Beispielen werden konkrete Umsetzungen aufgezeigt. So können Sie als Pädagogen gemeinsam mit uns Wege suchen, wie wir im Geist Edith Steins unsere Kinder und Jugendlichen in einer immer komplexeren Welt auf dem Weg in ein ge-lingendes Leben begleiten können. Lehrerfortbildungs-Bescheinigung wahrscheinlich für Deutschland möglich.", ,,,,https://www.edith-stein-gesellschaft.at/content/view/full/10954?id=18845&caleventId=43231#event/18845/43231,,,0,
241_1,2026-03-06,2026-03-06,2026-03-06,,Edith Stein: Inspiration für Leben und Bildung in unserer Zeit,Dr. ,Cordula Haderlein,,Vortrag,Karmelzentrum Wien,https://www.youtube.com/watch?v=R-O5LGAPeuA,https://www.buzzsprout.com/870355/episodes/19031232-edith-stein-inspiration-fur-leben-und-bildung-in-unserer-zeit-dr-cordula-haderlein.mp3,"Dr. Haderlein zeigt auf, welche Impulse Edith Steins Biographie und ihr Bildungsverständnis für die aktuellen Herausforderungen in Schule und Gesellschaft bereithalten.", ,,,,https://www.edith-stein-gesellschaft.at/content/view/full/10954?id=19775&caleventId=43399#event/19775/43399,,,0,
241_2,2026-03-06,2026-03-06,2026-03-06,,Kompetenz und Persönlichkeitsbildung in Edith Steins Pädagogik,Dr. ,Markus Holti,,Vortrag,Karmelzentrum Wien,https://www.youtube.com/watch?v=R-O5LGAPeuA,https://www.buzzsprout.com/870355/episodes/19031284-vom-bildungsverstandnis-bei-edith-stein-zum-heutigen-kompetenzverstandnis-dr-markus-holti.mp3,In diesem Teil wird die Brücke geschlagen: Wie lassen sich Steins anthropologisch fundierte Bildungsbegriffe mit modernen Konzepten der Kompetenzentwicklung vereinbaren?, ,,,,https://www.edith-stein-gesellschaft.at/content/view/full/10954?id=19775&caleventId=43399#event/19775/43399,,,0,
242,2026-03-17,2026-03-17,2026-03-17,,Wege des Friedens: Auschwitz - die Vollendung,"[""P. Dr. "", ""Sr. ""]","[""Lukasz Steinert"", ""Nicoletta Braus""]","[""OCD"", ""ST""]",Online Vortrag,über Zoom,https://www.youtube.com/watch?v=rM1D4UgwOXo,https://www.buzzsprout.com/870355/episodes/18906033-auschwitz-die-vollendung-wege-des-friedens-auf-den-spuren-edith-steins.mp3,"Der zweite Vortrag führt nach Auschwitz, den Ort des Martyriums Edith Steins. Das Vernichtungslager erinnert an die unzähligen jüdischen und anderen Opfer des terroristischen und kriegerischen Wahns im Herzen Europas. Im Blick auf die Vollendung ihres Lebens- und Glaubensweges widmen wir uns der Spiritualität und dem christlichen Engagement Edith Steins. Dabei fragen wir, wie sie als Christin der menschenfeindlichen Ideologie, der Verblendung der Vielen und dem Krieg begegnete – und wie ihr Zeugnis Zeichen des Friedens und der Hoffnung für kommende Generationen setzen kann.", ,,,,https://www.edith-stein-gesellschaft.at/content/view/full/10954?id=19764&caleventId=43429#event/19764/43429,,,0,
243,2026-04-16,2026-04-16,2026-04-16,,Braucht Glaube Mut?,Prof. ,Ingeborg Gabriel,,Vortrag,Karmelzentrum Wien,https://www.youtube.com/watch?v=c3yQCv0Jb00&list,https://www.buzzsprout.com/870355/episodes/19058030-braucht-glaube-mut-zur-tapferkeit-als-lebenshaltung-ingeborg-gabriel.mp3,"Sieht man sich die Bibel und das Leben der Heiligen an, ist die Antwort ein klares JA. In der Glaubenspraxis vieler (oft auch die eigene) scheint der Glaube jedoch eher wie eine zerbrechliche Statue, die man (am Sonntag) hervorholt, aber sonst auf-bewahrt, damit sie keinen Schaden nimmt. Wie sieht also jener Mut aus, der zum Glauben gehört? Wie verbindet er sich mit anderen Eigenschaften, vor allem der Hoffnung? Es sind diese Fragen, denen ich im Vortrag allgemein und anhand der Lebensgeschichte von Edith Stein mit euch nachgehen möchte.", ,,,,https://www.edith-stein-gesellschaft.at/content/view/full/10954?id=19802&caleventId=43599#event/19802/43599,,,0,
244,2026-05-05,2026-05-05,2026-05-05,,"""Freiheit und Gnade"" - ein Gang durch ein Frühwerk Edith Steins",Prof. ,Hanna-Barbara Gerl-Falkovitz,,Vortrag,Karmelzentrum Wien,https://www.youtube.com/watch?v=QRzH7Xv7AlQ,https://www.buzzsprout.com/870355/episodes/19208665-prof-gerl-falkovitz-freiheit-und-gnade-ein-gang-durch-ein-fruhwerk-edith-steins.mp3,"Der frühe Aufsatz „Freiheit und Gnade“ (1921) geht über die körperlich festgelegte Natur des Menschen deutlich hinaus. Edith Stein nimmt Freiheit als Schlüsselbegriff menschlichen Daseins. Aber wie ist Freiheit überhaupt möglich angesichts der menschlichen Nähe zum Tier? Selbsterkenntnis und Selbstdistanz ermöglichen jenen Abstand zur eigenen „Natur“, das Wählenkönnen, die Zustimmung oder Ablehnung des eigenen Trieblebens, die dem Tier nicht möglich ist. Doch ist Autonomie noch nicht die entscheidende Gestalt von Freiheit. Der mündige Mensch hat sich letztlich durchringen gegen die Grundversuchung aller Autonomie: die Selbsthabe. Sie bleibt solange leer, bis sie in die freie Hingabe mündet: an die göttliche Fülle. Dorthin wird ein Weg gezeichnet.", ,,,,https://www.edith-stein-gesellschaft.at/content/view/full/10954?id=19824&caleventId=43748#event/19824/43748,,,0,
245,2026-06-02,2026-06-02,2026-06-02,,Verfolgt und dennoch gesegnet: Christen in Nigeria,Pf. Dr. ,Ndubueze Fabian Mmagu,,Vortrag,Karmelzentrum Wien,https://www.youtube.com/watch?v=qifPGQUSOMI,https://www.buzzsprout.com/870355/episodes/19329786-verfolgt-und-dennoch-gesegnet-christen-in-nigeria-ndubueze-fabian-mmagu.mp3,"Der Weltverfolgungsindex 2026 zeigt Nigeria auf Platz 7 der am stärksten von Christenverfolgung betroffenen Länder weltweit – ein Land mit ungeheuerlicher Brutalität radikaler Gruppen gegen Christinnen und Christen. Diese Gewalt ist keine Relikt der Frühzeit des Christentums, sondern bittere Gegenwart: Von der Verfolgung unmittelbar nach der Auferstehung Jesu bis zu den Diokletianischen Verfolgungen im 3. Jahrhundert zieht sich ein roter Faden, der heute in Nigeria weitergeführt wird. Er lädt zur dringenden Bewusstseinsbildung und zu praktischer Solidarität ein. Der Referent Pf. Dr. Ndubueze Fabian Mmagu, in Nigeria geboren, dort aufgewachsen und bis zu seiner Übersiedlung nach Österreich 1983 ausgebildet, spricht aus tiefster persönlicher Nähe.", ,,,,https://www.edith-stein-gesellschaft.at/content/view/full/10954?id=19878&caleventId=43793#event/19878/43793,,,0,
246,2026-07-11,2026-07-11,2026-07-11,,Edith Stein als Briefeschreiberin: ihre innere Rede mit Gott und den Mitmenschen,Dr. ,Pia Lilienstein,,Vortrag,Karmelzentrum Wien,,,"Mit unserem veränderten Medienverhalten verliert das Schreiben von Briefen seine Bedeutung. Zu Edith Steins Lebzeiten war es noch eine selbstverständliche und nicht aus dem Alltag wegzudenkende Möglichkeit, über Entfernungen hinweg miteinander im Gespräch zu bleiben. Wenn man die Briefe von Edith Stein liest, darf man an ihrer Hälfte eines Dialoges teilhaben, an ihrer inneren Zugewandtheit zu Freunden sowie an ihrer inneren Auseinandersetzung mit vielfältigsten Themen ihres Lebens. Diese Selbstmitteilungen von Edith Stein berühren durch ihre Authentizität und lassen Einblicke in ihr damaliges Erleben und in ihre im allgemeinen eher verschlossene Persönlichkeit zu. Kardinal Newman meinte einmal, dass „das wahre Leben eines Menschen in seinen Briefen steckt“. Edith Stein hat seine Briefe wiederum ins Deutsche übertragen und selbst regelmäßig Briefe geschrieben, um ihre Freundschaften und Familienbeziehungen zu pflegen. Der Vortrag möchte dazu anregen, über das Briefeschreiben im Allgemeinen und den innerlichen Bewusstseinszustand beim Schreiben von Briefen im Besonderen nachzudenken sowie über Edith Stein als Briefeschreiberin.", ,,https://us02web.zoom.us/meeting/register/K2hZiBhDQCO9cVc4kONmcQ,,https://www.edith-stein-gesellschaft.at/content/view/full/10954?id=19877&caleventId=43927#event/19877/43927,,,0,
247,2026-08-09,2026-08-09,2026-08-09,,"""Der Angst die Liebe entgegensetzen"" (Hildegard Therese Schmitz)",P. ,Paul Weingartner,OCD,Edith Stein Fest,Karmelitenkirche Wien,,,Im Bemühen um Treue sich selbst und Gott gegenüber werden wir zur Liebe befreit. Dabei helfen uns Edith Steins Erfahrung und Vorbild, ,,,,,,,0,
248,2026-08-23_2026-08-29,2026-08-23,2026-08-29,,Postfaktisch? Über die Zukunft der Wahrheit,"[""Prof. Dr. "", ""Dr. "", ""Dr. "", ""Prim. Dr. "", ""Prof. Dr. ""]","[""Sarah Spiekermann-Hoff"", ""Monika Adamczyk-Enriquez"", ""Pia Lilienstein"", ""David Oberreiter"", ""Tonke Dennebaum""]","["""", """", """", "" MBA"", """"]",Sommerakademie,"Teresianum, Rom, Italien",,,, ,,,,https://es-sommerakademie.karmel.at,,,0,
248_1,2026-08-24,2026-08-24,2026-08-24,,"Wahrheit in der Technik, Wirtschaft und Produktinnovation",Prof. ,Sarah Spiekermann-Hoff,,Seminar,"Teresianum, Rom, Italien",,,"Welchen Beitrag kann die materiale Wertethik (Scheler, Hartmann) und Wahrnehmungspsychologie (Fuchs) zum Thema „Wahrheit in der Technik, Wirtschaft und Produktinnovation“ leisten? An diesem Tag geht es zunächst um die Art, wie Schelers materiale Wertethik in ein „Value-based Engineering“ für IT und KI Produkte übersetzt worden ist. Hier wird die philosophische Wertontologie für IT Design vorgestellt, wie sie heute im ISO-Standard 24748-7000 verankert ist und weltweit genutzt wird. Ein kleiner IT Design Workshop rahmt diesen Teil ein. Ferner wird das Theme Werte in der Ökonomie besprochen und wie ein Wertverständnis im Sinne Schelers fundamental abweicht zu dem, was wir heute in der Ökonomie als Wert begreifen. ", ,,,,https://es-sommerakademie.karmel.at,,Postfaktisch? Über die Zukunft der Wahrheit: Edith Stein Sommerakademie 2026,1,
248_2,2026-08-25,2026-08-25,2026-08-25,,Wahrheit. Für immer verloren?,Prof. Dr. ,Tonke Dennebaum,,Seminar,"Teresianum, Rom, Italien",,,"Kann man heute noch von „Wahrheit“ sprechen? Zeigen nicht Philosophie und Naturwissen-schaft, dass wir davon lieber die Hände lassen sollten? Und doch ist die Sehnsucht nach Wahrheit heute groß – aber auch verführerisch und vielleicht sogar gefährlich. Wie also kann ein Bekenntnis zur Wahrheit aussehen, das klar und eindeutig ist, und zugleich den Heraus-forderungen der pluralen Welt gerecht wird? ", ,,,,https://es-sommerakademie.karmel.at,,Postfaktisch? Über die Zukunft der Wahrheit: Edith Stein Sommerakademie 2026,1,
248_3,2026-08-26,2026-08-26,2026-08-26,,Zur Beziehung von Werterkenntnis und personaler Verwirklichung bei Scheler und Stein,Dr. ,Monika Adamczyk-Enriquez,,Seminar,"Teresianum, Rom, Italien",,,"Max Scheler, einer der bedeutendsten Vertreter der philosophischen Axiologie im 20. Jahrhundert, entwickelte eine grundlegende Beschreibung von Werten und ihrer Hierarchie und betonte dabei ihren idealen Charakter. Zugleich zeigte er die erkenntniserschließende Rolle des Fühlens und der personalen Akte für die Erfassung von Werten auf.
 Edith Stein greift Schelers Ansatz auf, verschiebt jedoch den Akzent. Während bei Scheler die Beziehung zwischen Person und Werten primär in einer erkenntnistheoretischen Perspektive erscheint, richtet Stein den Blick stärker auf die Person selbst als Ort der Aneignung und Verwirklichung von Werten. Ihr Interesse gilt der inneren Struktur der Person, der Verantwortlichkeit sowie den Bedingungen personaler Reifung und Entwicklung. Die Teilnehmenden erhalten einen Einblick in die Gemeinsamkeiten und Unterschiede beider Ansätze und werden eingeladen, darüber nachzudenken, wie Werte im eigenen Leben erkannt, angeeignet und verwirklicht werden können.", ,,,,https://es-sommerakademie.karmel.at,,Postfaktisch? Über die Zukunft der Wahrheit: Edith Stein Sommerakademie 2026,1,
248_3,2026-08-27,2026-08-27,2026-08-27,,Schönheit und Wahrheit – umstrittene Werte in Philosophie und Kunst,Dr. ,Pia Lilienstein,,Seminar,"Teresianum, Rom, Italien",,,"Rom gilt als Geburtsstätte des Barock, jener Kunstepoche, die Schönheit dynamischer, intensiver, sinnlicher und dramatischer als je zuvor inszenierte und die die christliche Weltanschauung und Offenbarung in eindrucksvolle Kunstwerke übersetzte. Die Künstlerinnen und Künstler um 1900 brachen vehementer noch als diejenigen des 19. Jahrhunderts mit dieser Kunst- und Bildauffassung. Friedrich Nietzsche z.B. rebellierte gegen die platonische Trias des Guten, Wahren und Schönen und schrieb „Die Wahrheit ist hässlich: Wir haben die Kunst, damit wir nicht an der Wahrheit zu Grunde gehen“. Edith Stein, als Zeitgenossin der Klassischen Moderne hingegen schrieb an Roman Ingarden, dass sie es im Leben mit der Kultur und in der Kunst mit der Schönheit hielte und in beidem die Harmonie suche, also im Grunde das Ordnende, Erhabene und Transzendente. 
 Der moderne Zweifel am Wert der Schönheit und an der Wahrheit von Bildern wird mit den digitalen Sehgewohnheiten und dem Bildmedium der KI-generierten Bilderwelten zu einer Selbstverständlichkeit. Gleichzeitig schärft sich in der Kunst das Bewusstsein für den Wert leiblicher Wahrnehmungen und ästhetischer Erfahrungen als Erkenntniszugänge. Der Rückblick in vergangene Kunstepochen und ein Vergleich von Edith Stein mit Künstlerinnen ihrer Generation könnte interessante Impuls für das aktuelle Nachdenken über diese Fragen geben. 
 Neben dem philosophisch-kunsthistorischen Teil soll es auch die Gelegenheit geben, gemeinsam die durch Architektur und künstlerischen Inszenierung verdichtete, ästhetisch-spirituelle Atmosphäre eines barocken Kirchenbau zu erkunden.", ,,,,https://es-sommerakademie.karmel.at,,Postfaktisch? Über die Zukunft der Wahrheit: Edith Stein Sommerakademie 2026,1,
248_4,2026-08-28,2026-08-28,2026-08-28,Samstagnachtag,Der Einfluss der Psyche auf die Umsetzung von Werthaltungen,Prim. Dr. ,David Oberreiter, MBA,Seminar,"Teresianum, Rom, Italien",,,"Innerpsychische Vorgänge beeinflussen einerseits das Erkennen von Werten als auch die Fähigkeit, jene Werte zu verwirklichen. Es gibt psychische Zustände, die es erschweren oder gar unmöglich machen, Wahrheiten zu erkennen und sich gemäß diesen zu verhalten. Andere psychische Aspekte hingegen sind förderlich für die Verwirklichung von Werten. Begünstigende psychischen Faktoren sollten im Fokus der eigenen Entwicklung stehen.",,,,,https://es-sommerakademie.karmel.at,,Postfaktisch? Über die Zukunft der Wahrheit: Edith Stein Sommerakademie 2026,0,
249,2026-10-23_2026-10-24,2026-10-23,2026-10-24,,Postfaktisch? Über die Zukunft der Wahrheit,"[""Prof. Dr. "", ""Dr. "", ""Dr. "", ""Prim. Dr. "", ""HS-Prof. Dr. ""]","[""Sarah Spiekermann-Hoff"", ""Monika Adamczyk-Enriquez"", ""Pia Lilienstein"", ""David Oberreiter"", ""Małgorzata Bogaczyk-Vormayr""]","["""", """", """", "" MBA"", """"]",Tagung,Erzbischöfliches Palais,,,, ,,,,https://tagung.karmel.at,,,0,
249_1,2026-10-23,2026-10-23,2026-10-23,19.00 Uhr,"Wahrheit in der Technik, Wirtschaft und Produktinnovation (Arbeitstitel)",Prof. ,Sarah Spiekermann-Hoff,,Vortrag,Erzbischöfliches Palais,,,"Welchen Beitrag kann die materiale Wertethik (Scheler, Hartmann) und Wahrnehmungspsychologie (Fuchs) zum Thema „Wahrheit in der Technik, Wirtschaft und Produktinnovation“ leisten? An diesem Tag geht es zunächst um die Art, wie Schelers materiale Wertethik in ein „Value-based Engineering“ für IT und KI Produkte übersetzt worden ist. Hier wird die philosophische Wertontologie für IT Design vorgestellt, wie sie heute im ISO-Standard 24748-7000 verankert ist und weltweit genutzt wird. Ein kleiner IT Design Workshop rahmt diesen Teil ein. Ferner wird das Theme Werte in der Ökonomie besprochen und wie ein Wertverständnis im Sinne Schelers fundamental abweicht zu dem, was wir heute in der Ökonomie als Wert begreifen. ", ,,,,https://tagung.karmel.at,,Postfaktisch? Über die Zukunft der Wahrheit: Edith Stein Tagung 2026,0,
249_2,2026-10-24,2026-10-24,2026-10-24,9.30 Uhr,Die Person zwischen Wertempfang und Wertverwirklichung. Zur Beziehung von Person und Wert bei Scheler und Stein,Dr. ,Monika Adamczyk-Enriquez,,Vortrag,Erzbischöfliches Palais,,,"Max Scheler gehört zu den bedeutendsten Vertretern der phänomenologischen Wertethik. Edith Stein greift seine Überlegungen auf, entwickelt sie jedoch in entscheidenden Punkten weiter. Der Vortrag geht der Frage nach, worin dieser eigenständige Beitrag Edith Steins besteht. Im Mittelpunkt stehen das Verhältnis von Person und Wert, die Bedeutung des Wertempfangs und der Wertverwirklichung sowie die Frage, wie Werte das personale Leben prägen. Dabei wird deutlich, dass Edith Stein die Wertphilosophie Schelers nicht nur übernimmt, sondern sie im Horizont ihrer eigenen Anthropologie und ihres Personverständnisses weiterführt.", ,Edith Stein Archiv Köln,,,https://tagung.karmel.at,,Postfaktisch? Über die Zukunft der Wahrheit: Edith Stein Tagung 2026,0,
249_3,2026-10-24,2026-10-24,2026-10-24,Samstagvormittag,Ethos - Eidos - Imagination: Wahrheit als Wiedererinnerung,HS-Prof. Dr. ,Małgorzata Bogaczyk-Vormayr,,Vortrag,Erzbischöfliches Palais,,,, ,Universität Posen,,,https://tagung.karmel.at,,Postfaktisch? Über die Zukunft der Wahrheit: Edith Stein Tagung 2026,0,
249_4,2026-10-24,2026-10-24,2026-10-24,Samstagnachtag,Schönheit und Wahrheit – umstrittene Werte in Philosophie und Kunst,Dr. ,Pia Lilienstein,,Vortrag,Erzbischöfliches Palais,,,"Rom gilt als Geburtsstätte des Barock, jener Kunstepoche, die Schönheit dynamischer, intensiver, sinnlicher und dramatischer als je zuvor inszenierte und die die christliche Weltanschauung und Offenbarung in eindrucksvolle Kunstwerke übersetzte. Die Künstlerinnen und Künstler um 1900 brachen vehementer noch als diejenigen des 19. Jahrhunderts mit dieser Kunst- und Bildauffassung. Friedrich Nietzsche z.B. rebellierte gegen die platonische Trias des Guten, Wahren und Schönen und schrieb „Die Wahrheit ist hässlich: Wir haben die Kunst, damit wir nicht an der Wahrheit zu Grunde gehen“. Edith Stein, als Zeitgenossin der Klassischen Moderne hingegen schrieb an Roman Ingarden, dass sie es im Leben mit der Kultur und in der Kunst mit der Schönheit hielte und in beidem die Harmonie suche, also im Grunde das Ordnende, Erhabene und Transzendente. 
 Der moderne Zweifel am Wert der Schönheit und an der Wahrheit von Bildern wird mit den digitalen Sehgewohnheiten und dem Bildmedium der KI-generierten Bilderwelten zu einer Selbstverständlichkeit. Gleichzeitig schärft sich in der Kunst das Bewusstsein für den Wert leiblicher Wahrnehmungen und ästhetischer Erfahrungen als Erkenntniszugänge. Der Rückblick in vergangene Kunstepochen und ein Vergleich von Edith Stein mit Künstlerinnen ihrer Generation könnte interessante Impuls für das aktuelle Nachdenken über diese Fragen geben. 
 Neben dem philosophisch-kunsthistorischen Teil soll es auch die Gelegenheit geben, gemeinsam die durch Architektur und künstlerischen Inszenierung verdichtete, ästhetisch-spirituelle Atmosphäre eines barocken Kirchenbau zu erkunden.", ,Universität Nürnberg-Erlangen,,,https://tagung.karmel.at,,Postfaktisch? Über die Zukunft der Wahrheit: Edith Stein Tagung 2026,0,
249_5,2026-10-24,2026-10-24,2026-10-24,Samstagnachtag,Der Einfluss der Psyche auf die Umsetzung von Werthaltungen,Prim. Dr. ,David Oberreiter, MBA,Vortrag,Erzbischöfliches Palais,,,"Innerpsychische Vorgänge beeinflussen einerseits das Erkennen von Werten als auch die Fähigkeit, jene Werte zu verwirklichen. Es gibt psychische Zustände, die es erschweren oder gar unmöglich machen, Wahrheiten zu erkennen und sich gemäß diesen zu verhalten. Andere psychische Aspekte hingegen sind förderlich für die Verwirklichung von Werten. Begünstigende psychischen Faktoren sollten im Fokus der eigenen Entwicklung stehen.",,Kepler Universitätsklinikums Linz,,,https://tagung.karmel.at,,Postfaktisch? Über die Zukunft der Wahrheit: Edith Stein Tagung 2026,0,
